Planet,Event,Direction,Date,UTC,AngleDeg
Venus,Greatest Elongation,E,"Wed, 2001-01-17",06:08,47.09
Mercury,Greatest Elongation,E,"Sun, 2001-01-28",13:31,18.43
Mercury,Greatest Elongation,W,"Sun, 2001-03-11",06:10,27.46
Mercury,Greatest Elongation,E,"Tue, 2001-05-22",04:32,22.45
Venus,Greatest Elongation,W,"Fri, 2001-06-08",04:42,45.84
Mars,Opposition,,"Wed, 2001-06-13",17:45,176.73
Mercury,Greatest Elongation,W,"Mon, 2001-07-09",17:04,21.13
Neptune,Opposition,,"Mon, 2001-07-30",11:48,179.86
Uranus,Opposition,,"Wed, 2001-08-15",15:24,179.24
Mercury,Greatest Elongation,E,"Tue, 2001-09-18",22:20,26.53
Mercury,Greatest Elongation,W,"Mon, 2001-10-29",16:34,18.57
Saturn,Opposition,,"Mon, 2001-12-03",14:13,178.13
Jupiter,Opposition,,"Tue, 2002-01-01",05:53,180.00
Mercury,Greatest Elongation,E,"Fri, 2002-01-11",23:36,19.01
Mercury,Greatest Elongation,W,"Thu, 2002-02-21",16:10,26.59
Mercury,Greatest Elongation,E,"Sat, 2002-05-04",03:41,20.97
Mercury,Greatest Elongation,W,"Fri, 2002-06-21",14:30,22.73
Neptune,Opposition,,"Fri, 2002-08-02",00:56,179.93
Uranus,Opposition,,"Tue, 2002-08-20",00:53,179.22
Venus,Greatest Elongation,E,"Thu, 2002-08-22",13:16,46.00
Mercury,Greatest Elongation,E,"Sun, 2002-09-01",10:20,27.21
Mercury,Greatest Elongation,W,"Sun, 2002-10-13",07:38,18.07
Saturn,Opposition,,"Tue, 2002-12-17",17:27,178.69
Mercury,Greatest Elongation,E,"Thu, 2002-12-26",05:35,19.86
Venus,Greatest Elongation,W,"Sat, 2003-01-11",02:28,46.96
Jupiter,Opposition,,"Sun, 2003-02-02",09:11,179.14
Mercury,Greatest Elongation,W,"Tue, 2003-02-04",01:09,25.35
Mercury,Greatest Elongation,E,"Wed, 2003-04-16",14:38,19.77
Mercury,Greatest Elongation,W,"Tue, 2003-06-03",05:41,24.43
Neptune,Opposition,,"Mon, 2003-08-04",13:54,180.00
Mercury,Greatest Elongation,E,"Thu, 2003-08-14",20:54,27.43
Uranus,Opposition,,"Sun, 2003-08-24",10:02,179.21
Mars,Opposition,,"Thu, 2003-08-28",17:58,173.38
Mercury,Greatest Elongation,W,"Fri, 2003-09-26",23:48,17.86
Mercury,Greatest Elongation,E,"Tue, 2003-12-09",06:08,20.94
Saturn,Opposition,,"Wed, 2003-12-31",20:57,179.33
Mercury,Greatest Elongation,W,"Sat, 2004-01-17",09:26,23.91
Jupiter,Opposition,,"Thu, 2004-03-04",05:05,178.57
Mercury,Greatest Elongation,E,"Mon, 2004-03-29",12:25,18.89
Venus,Greatest Elongation,E,"Mon, 2004-03-29",16:38,46.00
Mercury,Greatest Elongation,W,"Fri, 2004-05-14",20:37,25.99
Mercury,Greatest Elongation,E,"Tue, 2004-07-27",03:27,27.12
Neptune,Opposition,,"Fri, 2004-08-06",03:07,179.93
Venus,Greatest Elongation,W,"Tue, 2004-08-17",18:32,45.82
Uranus,Opposition,,"Fri, 2004-08-27",18:40,179.20
Mercury,Greatest Elongation,W,"Thu, 2004-09-09",14:04,17.97
Mercury,Greatest Elongation,E,"Sun, 2004-11-21",01:08,22.19
Mercury,Greatest Elongation,W,"Wed, 2004-12-29",20:11,22.44
Saturn,Opposition,,"Thu, 2005-01-13",23:05,179.99
Mercury,Greatest Elongation,E,"Sat, 2005-03-12",18:19,18.34
Jupiter,Opposition,,"Sun, 2005-04-03",15:30,178.41
Mercury,Greatest Elongation,W,"Tue, 2005-04-26",16:25,27.16
Mercury,Greatest Elongation,E,"Sat, 2005-07-09",03:18,26.26
Neptune,Opposition,,"Mon, 2005-08-08",16:10,179.86
Mercury,Greatest Elongation,W,"Tue, 2005-08-23",23:20,18.40
Uranus,Opposition,,"Thu, 2005-09-01",03:02,179.19
Mercury,Greatest Elongation,E,"Thu, 2005-11-03",15:46,23.51
Venus,Greatest Elongation,E,"Thu, 2005-11-03",19:32,47.10
Mars,Opposition,,"Mon, 2005-11-07",07:57,179.54
Mercury,Greatest Elongation,W,"Mon, 2005-12-12",12:49,21.08
Saturn,Opposition,,"Fri, 2006-01-27",22:48,179.32
Mercury,Greatest Elongation,E,"Fri, 2006-02-24",05:01,18.13
Venus,Greatest Elongation,W,"Sat, 2006-03-25",06:45,46.53
Mercury,Greatest Elongation,W,"Sat, 2006-04-08",18:39,27.76
Jupiter,Opposition,,"Thu, 2006-05-04",14:36,178.66
Mercury,Greatest Elongation,E,"Tue, 2006-06-20",20:09,24.94
Mercury,Greatest Elongation,W,"Mon, 2006-08-07",00:33,19.19
Neptune,Opposition,,"Fri, 2006-08-11",05:13,179.79
Uranus,Opposition,,"Tue, 2006-09-05",10:54,179.19
Mercury,Greatest Elongation,E,"Tue, 2006-10-17",04:04,24.82
Mercury,Greatest Elongation,W,"Sat, 2006-11-25",13:05,19.90
Mercury,Greatest Elongation,E,"Wed, 2007-02-07",17:37,18.23
Saturn,Opposition,,"Sat, 2007-02-10",18:42,178.69
Mercury,Greatest Elongation,W,"Thu, 2007-03-22",01:50,27.74
Mercury,Greatest Elongation,E,"Sat, 2007-06-02",09:56,23.37
Jupiter,Opposition,,"Tue, 2007-06-05",23:12,179.30
Venus,Greatest Elongation,E,"Sat, 2007-06-09",02:43,45.39
Mercury,Greatest Elongation,W,"Fri, 2007-07-20",15:00,20.32
Neptune,Opposition,,"Mon, 2007-08-13",18:25,179.72
Uranus,Opposition,,"Sun, 2007-09-09",18:45,179.19
Mercury,Greatest Elongation,E,"Sat, 2007-09-29",16:05,25.98
Venus,Greatest Elongation,W,"Sun, 2007-10-28",15:07,46.47
Mercury,Greatest Elongation,W,"Thu, 2007-11-08",20:37,18.98
Mars,Opposition,,"Mon, 2007-12-24",19:46,176.65
Mercury,Greatest Elongation,E,"Tue, 2008-01-22",05:22,18.64
Saturn,Opposition,,"Sun, 2008-02-24",09:47,178.16
Mercury,Greatest Elongation,W,"Mon, 2008-03-03",11:17,27.15
Mercury,Greatest Elongation,E,"Wed, 2008-05-14",03:50,21.79
Mercury,Greatest Elongation,W,"Tue, 2008-07-01",17:54,21.78
Jupiter,Opposition,,"Wed, 2008-07-09",07:39,179.81
Neptune,Opposition,,"Fri, 2008-08-15",07:42,179.65
Mercury,Greatest Elongation,E,"Thu, 2008-09-11",04:29,26.87
Uranus,Opposition,,"Sat, 2008-09-13",02:21,179.19
Mercury,Greatest Elongation,W,"Wed, 2008-10-22",09:40,18.32
Mercury,Greatest Elongation,E,"Sun, 2009-01-04",13:50,19.34
Venus,Greatest Elongation,E,"Wed, 2009-01-14",21:22,47.12
Mercury,Greatest Elongation,W,"Fri, 2009-02-13",20:46,26.10
Saturn,Opposition,,"Sun, 2009-03-08",19:53,177.73
Mercury,Greatest Elongation,E,"Sun, 2009-04-26",07:47,20.42
Venus,Greatest Elongation,W,"Fri, 2009-06-05",20:52,45.85
Mercury,Greatest Elongation,W,"Sat, 2009-06-13",11:53,23.45
Jupiter,Opposition,,"Fri, 2009-08-14",17:52,178.92
Neptune,Opposition,,"Mon, 2009-08-17",20:54,179.58
Mercury,Greatest Elongation,E,"Mon, 2009-08-24",16:12,27.37
Uranus,Opposition,,"Thu, 2009-09-17",09:41,179.20
Mercury,Greatest Elongation,W,"Tue, 2009-10-06",01:36,17.95
Mercury,Greatest Elongation,E,"Fri, 2009-12-18",17:35,20.30
Mercury,Greatest Elongation,W,"Wed, 2010-01-27",05:25,24.75
Mars,Opposition,,"Fri, 2010-01-29",19:42,175.48
Saturn,Opposition,,"Mon, 2010-03-22",00:37,177.43
Mercury,Greatest Elongation,E,"Thu, 2010-04-08",23:28,19.35
Mercury,Greatest Elongation,W,"Wed, 2010-05-26",02:24,25.13
Mercury,Greatest Elongation,E,"Sat, 2010-08-07",01:07,27.37
Venus,Greatest Elongation,E,"Fri, 2010-08-20",03:46,45.97
Neptune,Opposition,,"Fri, 2010-08-20",10:06,179.51
Mercury,Greatest Elongation,W,"Sun, 2010-09-19",17:22,17.87
Jupiter,Opposition,,"Tue, 2010-09-21",11:35,178.40
Uranus,Opposition,,"Tue, 2010-09-21",16:58,179.21
Mercury,Greatest Elongation,E,"Wed, 2010-12-01",15:35,21.45
Venus,Greatest Elongation,W,"Sat, 2011-01-08",16:02,46.96
Mercury,Greatest Elongation,W,"Sun, 2011-01-09",14:31,23.28
Mercury,Greatest Elongation,E,"Wed, 2011-03-23",01:07,18.61
Saturn,Opposition,,"Sun, 2011-04-03",23:56,177.27
Mercury,Greatest Elongation,W,"Sat, 2011-05-07",19:06,26.55
Mercury,Greatest Elongation,E,"Wed, 2011-07-20",05:00,26.82
Neptune,Opposition,,"Mon, 2011-08-22",23:25,179.45
Mercury,Greatest Elongation,W,"Sat, 2011-09-03",05:56,18.11
Uranus,Opposition,,"Mon, 2011-09-26",00:14,179.23
Jupiter,Opposition,,"Sat, 2011-10-29",01:41,178.52
Mercury,Greatest Elongation,E,"Mon, 2011-11-14",08:34,22.75
Mercury,Greatest Elongation,W,"Fri, 2011-12-23",03:15,21.84
Mars,Opposition,,"Sat, 2012-03-03",20:10,175.82
Mercury,Greatest Elongation,E,"Mon, 2012-03-05",09:31,18.21
Venus,Greatest Elongation,E,"Tue, 2012-03-27",07:42,46.04
Saturn,Opposition,,"Sun, 2012-04-15",18:26,177.23
Mercury,Greatest Elongation,W,"Wed, 2012-04-18",17:23,27.49
Mercury,Greatest Elongation,E,"Sun, 2012-07-01",01:55,25.74
Venus,Greatest Elongation,W,"Wed, 2012-08-15",09:08,45.80
Mercury,Greatest Elongation,W,"Thu, 2012-08-16",12:05,18.69
Neptune,Opposition,,"Fri, 2012-08-24",12:31,179.38
Uranus,Opposition,,"Sat, 2012-09-29",07:14,179.25
Mercury,Greatest Elongation,E,"Fri, 2012-10-26",22:05,24.08
Jupiter,Opposition,,"Mon, 2012-12-03",01:45,179.21
Mercury,Greatest Elongation,W,"Tue, 2012-12-04",22:56,20.55
Mercury,Greatest Elongation,E,"Sat, 2013-02-16",21:25,18.13
Mercury,Greatest Elongation,W,"Sun, 2013-03-31",21:52,27.83
Saturn,Opposition,,"Sun, 2013-04-28",08:26,177.32
Mercury,Greatest Elongation,E,"Wed, 2013-06-12",16:44,24.28
Mercury,Greatest Elongation,W,"Tue, 2013-07-30",08:48,19.63
Neptune,Opposition,,"Tue, 2013-08-27",01:42,179.31
Uranus,Opposition,,"Thu, 2013-10-03",14:11,179.27
Mercury,Greatest Elongation,E,"Wed, 2013-10-09",10:06,25.34
Venus,Greatest Elongation,E,"Fri, 2013-11-01",07:57,47.07
Mercury,Greatest Elongation,W,"Mon, 2013-11-18",02:29,19.48
Jupiter,Opposition,,"Sun, 2014-01-05",21:11,179.86
Mercury,Greatest Elongation,E,"Fri, 2014-01-31",09:51,18.37
Mercury,Greatest Elongation,W,"Fri, 2014-03-14",06:31,27.55
Venus,Greatest Elongation,W,"Sat, 2014-03-22",19:32,46.56
Mars,Opposition,,"Tue, 2014-04-08",21:03,177.53
Saturn,Opposition,,"Sat, 2014-05-10",18:28,177.52
Mercury,Greatest Elongation,E,"Sun, 2014-05-25",07:09,22.68
Mercury,Greatest Elongation,W,"Sat, 2014-07-12",18:22,20.91
Neptune,Opposition,,"Fri, 2014-08-29",14:32,179.25
Mercury,Greatest Elongation,E,"Sun, 2014-09-21",22:05,26.40
Uranus,Opposition,,"Tue, 2014-10-07",20:57,179.30
Mercury,Greatest Elongation,W,"Sat, 2014-11-01",12:46,18.66
Mercury,Greatest Elongation,E,"Wed, 2015-01-14",20:24,18.91
Jupiter,Opposition,,"Fri, 2015-02-06",18:20,179.04
Mercury,Greatest Elongation,W,"Tue, 2015-02-24",16:25,26.75
Mercury,Greatest Elongation,E,"Thu, 2015-05-07",04:49,21.18
Saturn,Opposition,,"Sat, 2015-05-23",01:34,177.82
Venus,Greatest Elongation,E,"Sat, 2015-06-06",18:28,45.39
Mercury,Greatest Elongation,W,"Wed, 2015-06-24",17:08,22.48
Neptune,Opposition,,"Tue, 2015-09-01",03:37,179.18
Mercury,Greatest Elongation,E,"Fri, 2015-09-04",10:15,27.14
Uranus,Opposition,,"Mon, 2015-10-12",03:49,179.33
Mercury,Greatest Elongation,W,"Fri, 2015-10-16",03:21,18.12
Venus,Greatest Elongation,W,"Mon, 2015-10-26",07:12,46.44
Mercury,Greatest Elongation,E,"Tue, 2015-12-29",03:05,19.72
Mercury,Greatest Elongation,W,"Sun, 2016-02-07",01:28,25.55
Jupiter,Opposition,,"Tue, 2016-03-08",10:56,178.52
Mercury,Greatest Elongation,E,"Mon, 2016-04-18",13:58,19.93
Mars,Opposition,,"Sun, 2016-05-22",11:16,178.84
Saturn,Opposition,,"Fri, 2016-06-03",06:37,178.20
Mercury,Greatest Elongation,W,"Sun, 2016-06-05",08:46,24.18
Mercury,Greatest Elongation,E,"Tue, 2016-08-16",21:18,27.43
Neptune,Opposition,,"Fri, 2016-09-02",16:37,179.12
Mercury,Greatest Elongation,W,"Wed, 2016-09-28",19:30,17.88
Uranus,Opposition,,"Sat, 2016-10-15",10:43,179.36
Mercury,Greatest Elongation,E,"Sun, 2016-12-11",04:34,20.77
Venus,Greatest Elongation,E,"Thu, 2017-01-12",13:16,47.15
Mercury,Greatest Elongation,W,"Thu, 2017-01-19",09:48,24.13
Mercury,Greatest Elongation,E,"Sat, 2017-04-01",10:16,18.99
Jupiter,Opposition,,"Fri, 2017-04-07",21:38,178.42
Mercury,Greatest Elongation,W,"Wed, 2017-05-17",23:25,25.78
Venus,Greatest Elongation,W,"Sat, 2017-06-03",12:31,45.87
Saturn,Opposition,,"Thu, 2017-06-15",10:17,178.65
Mercury,Greatest Elongation,E,"Sun, 2017-07-30",04:37,27.20
Neptune,Opposition,,"Tue, 2017-09-05",05:27,179.06
Mercury,Greatest Elongation,W,"Tue, 2017-09-12",10:20,17.93
Uranus,Opposition,,"Thu, 2017-10-19",17:34,179.40
Mercury,Greatest Elongation,E,"Fri, 2017-11-24",00:19,21.99
Mercury,Greatest Elongation,W,"Mon, 2018-01-01",20:03,22.66
Mercury,Greatest Elongation,E,"Thu, 2018-03-15",15:07,18.40
Mercury,Greatest Elongation,W,"Sun, 2018-04-29",18:24,27.02
Jupiter,Opposition,,"Wed, 2018-05-09",00:39,178.73
Saturn,Opposition,,"Wed, 2018-06-27",13:27,179.15
Mercury,Greatest Elongation,E,"Thu, 2018-07-12",05:28,26.42
Mars,Opposition,,"Fri, 2018-07-27",05:13,173.53
Venus,Greatest Elongation,E,"Fri, 2018-08-17",17:30,45.93
Mercury,Greatest Elongation,W,"Sun, 2018-08-26",20:36,18.32
Neptune,Opposition,,"Fri, 2018-09-07",18:26,179.00
Uranus,Opposition,,"Wed, 2018-10-24",00:46,179.44
Mercury,Greatest Elongation,E,"Tue, 2018-11-06",15:26,23.32
Mercury,Greatest Elongation,W,"Sat, 2018-12-15",11:38,21.27
Venus,Greatest Elongation,W,"Sun, 2019-01-06",04:54,46.96
Mercury,Greatest Elongation,E,"Wed, 2019-02-27",01:20,18.14
Mercury,Greatest Elongation,W,"Thu, 2019-04-11",19:43,27.71
Jupiter,Opposition,,"Mon, 2019-06-10",15:27,179.42
Mercury,Greatest Elongation,E,"Sun, 2019-06-23",23:14,25.16
Saturn,Opposition,,"Tue, 2019-07-09",17:07,179.68
Mercury,Greatest Elongation,W,"Fri, 2019-08-09",23:09,19.05
Neptune,Opposition,,"Tue, 2019-09-10",07:23,178.94
Mercury,Greatest Elongation,E,"Sun, 2019-10-20",03:57,24.63
Uranus,Opposition,,"Mon, 2019-10-28",08:15,179.48
Mercury,Greatest Elongation,W,"Thu, 2019-11-28",10:37,20.06
Mercury,Greatest Elongation,E,"Mon, 2020-02-10",13:50,18.20
Mercury,Greatest Elongation,W,"Tue, 2020-03-24",02:09,27.78
Venus,Greatest Elongation,E,"Tue, 2020-03-24",22:11,46.08
Mercury,Greatest Elongation,E,"Thu, 2020-06-04",13:05,23.60
Jupiter,Opposition,,"Tue, 2020-07-14",07:58,179.67
Saturn,Opposition,,"Mon, 2020-07-20",22:27,179.77
Mercury,Greatest Elongation,W,"Wed, 2020-07-22",15:12,20.13
Venus,Greatest Elongation,W,"Thu, 2020-08-13",00:16,45.79
Neptune,Opposition,,"Fri, 2020-09-11",20:25,178.88
Mercury,Greatest Elongation,E,"Thu, 2020-10-01",16:02,25.82
Mars,Opposition,,"Tue, 2020-10-13",23:25,177.00
Uranus,Opposition,,"Sat, 2020-10-31",15:53,179.53
Mercury,Greatest Elongation,W,"Tue, 2020-11-10",17:07,19.10
Mercury,Greatest Elongation,E,"Sun, 2021-01-24",01:49,18.56
Mercury,Greatest Elongation,W,"Sat, 2021-03-06",11:26,27.27
Mercury,Greatest Elongation,E,"Mon, 2021-05-17",05:53,22.02
Mercury,Greatest Elongation,W,"Sun, 2021-07-04",19:45,21.55
Saturn,Opposition,,"Mon, 2021-08-02",06:14,179.22
Jupiter,Opposition,,"Fri, 2021-08-20",00:28,178.82
Mercury,Greatest Elongation,E,"Tue, 2021-09-14",04:22,26.76
Neptune,Opposition,,"Tue, 2021-09-14",09:20,178.83
Mercury,Greatest Elongation,W,"Mon, 2021-10-25",05:32,18.40
Venus,Greatest Elongation,E,"Fri, 2021-10-29",20:50,47.05
Uranus,Opposition,,"Thu, 2021-11-04",23:57,179.58
Mercury,Greatest Elongation,E,"Fri, 2022-01-07",10:55,19.22
Mercury,Greatest Elongation,W,"Wed, 2022-02-16",21:10,26.28
Venus,Greatest Elongation,W,"Sun, 2022-03-20",09:26,46.59
Mercury,Greatest Elongation,E,"Fri, 2022-04-29",08:08,20.61
Mercury,Greatest Elongation,W,"Thu, 2022-06-16",14:56,23.20
Saturn,Opposition,,"Sun, 2022-08-14",17:10,178.70
Mercury,Greatest Elongation,E,"Sat, 2022-08-27",16:12,27.32
Neptune,Opposition,,"Fri, 2022-09-16",22:20,178.78
Jupiter,Opposition,,"Mon, 2022-09-26",19:33,178.38
Mercury,Greatest Elongation,W,"Sat, 2022-10-08",21:18,17.98
Uranus,Opposition,,"Wed, 2022-11-09",08:26,179.63
Mars,Opposition,,"Thu, 2022-12-08",05:41,177.71
Mercury,Greatest Elongation,E,"Wed, 2022-12-21",15:25,20.14
Mercury,Greatest Elongation,W,"Mon, 2023-01-30",05:55,24.96
Mercury,Greatest Elongation,E,"Tue, 2023-04-11",22:09,19.49
Mercury,Greatest Elongation,W,"Mon, 2023-05-29",05:34,24.89
Venus,Greatest Elongation,E,"Sun, 2023-06-04",10:58,45.40
Mercury,Greatest Elongation,E,"Thu, 2023-08-10",01:44,27.40
Saturn,Opposition,,"Sun, 2023-08-27",08:28,178.22
Neptune,Opposition,,"Tue, 2023-09-19",11:17,178.72
Mercury,Greatest Elongation,W,"Fri, 2023-09-22",13:20,17.86
Venus,Greatest Elongation,W,"Mon, 2023-10-23",23:16,46.41
Jupiter,Opposition,,"Fri, 2023-11-03",05:02,178.59
Uranus,Opposition,,"Mon, 2023-11-13",17:20,179.68
Mercury,Greatest Elongation,E,"Mon, 2023-12-04",14:21,21.27
Mercury,Greatest Elongation,W,"Fri, 2024-01-12",14:43,23.50
Mercury,Greatest Elongation,E,"Sun, 2024-03-24",22:31,18.70
Mercury,Greatest Elongation,W,"Thu, 2024-05-09",21:31,26.37
Mercury,Greatest Elongation,E,"Mon, 2024-07-22",06:37,26.94
Mercury,Greatest Elongation,W,"Thu, 2024-09-05",02:32,18.05
Saturn,Opposition,,"Sun, 2024-09-08",04:35,177.81
Neptune,Opposition,,"Sat, 2024-09-21",00:16,178.67
Mercury,Greatest Elongation,E,"Sat, 2024-11-16",08:04,22.55
Uranus,Opposition,,"Sun, 2024-11-17",02:44,179.74
Jupiter,Opposition,,"Sat, 2024-12-07",20:58,179.33
Mercury,Greatest Elongation,W,"Wed, 2024-12-25",02:36,22.05
Venus,Greatest Elongation,E,"Fri, 2025-01-10",05:00,47.17
Mars,Opposition,,"Thu, 2025-01-16",02:38,175.71
Mercury,Greatest Elongation,E,"Sat, 2025-03-08",06:08,18.25
Mercury,Greatest Elongation,W,"Mon, 2025-04-21",18:50,27.39
Venus,Greatest Elongation,W,"Sun, 2025-06-01",03:29,45.88
Mercury,Greatest Elongation,E,"Fri, 2025-07-04",04:37,25.93
Mercury,Greatest Elongation,W,"Tue, 2025-08-19",09:49,18.58
Saturn,Opposition,,"Sun, 2025-09-21",05:45,177.49
Neptune,Opposition,,"Tue, 2025-09-23",12:53,178.63
Mercury,Greatest Elongation,E,"Wed, 2025-10-29",21:56,23.88
Uranus,Opposition,,"Fri, 2025-11-21",12:25,179.79
Mercury,Greatest Elongation,W,"Sun, 2025-12-07",21:09,20.73
Jupiter,Opposition,,"Sat, 2026-01-10",08:42,179.74
Mercury,Greatest Elongation,E,"Thu, 2026-02-19",17:39,18.12
Mercury,Greatest Elongation,W,"Fri, 2026-04-03",22:36,27.82
Mercury,Greatest Elongation,E,"Mon, 2026-06-15",19:58,24.52
Mercury,Greatest Elongation,W,"Sun, 2026-08-02",08:08,19.47
Venus,Greatest Elongation,E,"Sat, 2026-08-15",06:30,45.89
Neptune,Opposition,,"Sat, 2026-09-26",01:36,178.58
Saturn,Opposition,,"Sun, 2026-10-04",12:29,177.29
Mercury,Greatest Elongation,E,"Mon, 2026-10-12",09:58,25.16
Mercury,Greatest Elongation,W,"Fri, 2026-11-20",23:39,19.62
Uranus,Opposition,,"Wed, 2026-11-25",22:41,179.85
Venus,Greatest Elongation,W,"Sun, 2027-01-03",17:58,46.95
Mercury,Greatest Elongation,E,"Wed, 2027-02-03",06:12,18.32
Jupiter,Opposition,,"Thu, 2027-02-11",00:28,178.95
Mars,Opposition,,"Fri, 2027-02-19",15:50,175.54
Mercury,Greatest Elongation,W,"Wed, 2027-03-17",06:51,27.63
Mercury,Greatest Elongation,E,"Fri, 2027-05-28",09:56,22.92
Mercury,Greatest Elongation,W,"Thu, 2027-07-15",19:24,20.70
Mercury,Greatest Elongation,E,"Fri, 2027-09-24",21:54,26.26
Neptune,Opposition,,"Tue, 2027-09-28",14:18,178.54
Saturn,Opposition,,"Mon, 2027-10-18",00:35,177.22
Mercury,Greatest Elongation,W,"Thu, 2027-11-04",09:01,18.77
Uranus,Opposition,,"Tue, 2027-11-30",09:21,179.91
Mercury,Greatest Elongation,E,"Mon, 2028-01-17",17:13,18.81
Mercury,Greatest Elongation,W,"Sun, 2028-02-27",16:37,26.89
Jupiter,Opposition,,"Sun, 2028-03-12",15:36,178.49
Venus,Greatest Elongation,E,"Wed, 2028-03-22",12:24,46.12
Mercury,Greatest Elongation,E,"Tue, 2028-05-09",06:13,21.39
Mercury,Greatest Elongation,W,"Mon, 2028-06-26",19:34,22.23
Venus,Greatest Elongation,W,"Thu, 2028-08-10",16:04,45.78
Mercury,Greatest Elongation,E,"Wed, 2028-09-06",10:16,27.05
Neptune,Opposition,,"Sat, 2028-09-30",02:48,178.50
Mercury,Greatest Elongation,W,"Tue, 2028-10-17",23:10,18.19
Saturn,Opposition,,"Mon, 2028-10-30",17:33,177.30
Uranus,Opposition,,"Sun, 2028-12-03",20:28,179.97
Mercury,Greatest Elongation,E,"Sun, 2028-12-31",00:35,19.58
Mercury,Greatest Elongation,W,"Fri, 2029-02-09",01:51,25.75
Mars,Opposition,,"Sun, 2029-03-25",07:49,176.69
Jupiter,Opposition,,"Thu, 2029-04-12",04:04,178.44
Mercury,Greatest Elongation,E,"Sat, 2029-04-21",13:34,20.09
Mercury,Greatest Elongation,W,"Fri, 2029-06-08",11:51,23.93
Mercury,Greatest Elongation,E,"Sun, 2029-08-19",21:39,27.42
Mercury,Greatest Elongation,W,"Mon, 2029-10-01",15:16,17.89
Neptune,Opposition,,"Tue, 2029-10-02",15:24,178.46
Venus,Greatest Elongation,E,"Sat, 2029-10-27",10:50,47.02
Saturn,Opposition,,"Tue, 2029-11-13",15:00,177.53
Uranus,Opposition,,"Sat, 2029-12-08",08:11,179.97
Mercury,Greatest Elongation,E,"Fri, 2029-12-14",02:51,20.60
Mercury,Greatest Elongation,W,"Tue, 2030-01-22",10:16,24.35
Venus,Greatest Elongation,W,"Sun, 2030-03-17",23:57,46.61
Mercury,Greatest Elongation,E,"Thu, 2030-04-04",08:18,19.11
Jupiter,Opposition,,"Mon, 2030-05-13",11:33,178.81
Mercury,Greatest Elongation,W,"Tue, 2030-05-21",02:21,25.56
Mercury,Greatest Elongation,E,"Fri, 2030-08-02",05:33,27.27
Mercury,Greatest Elongation,W,"Sun, 2030-09-15",06:27,17.90
Neptune,Opposition,,"Sat, 2030-10-05",03:45,178.42
Mercury,Greatest Elongation,E,"Tue, 2030-11-26",23:20,21.80
Saturn,Opposition,,"Wed, 2030-11-27",15:55,177.91
Uranus,Opposition,,"Thu, 2030-12-12",20:35,179.91
Mercury,Greatest Elongation,W,"Sat, 2031-01-04",20:00,22.88
Mercury,Greatest Elongation,E,"Tue, 2031-03-18",12:03,18.47
Mercury,Greatest Elongation,W,"Fri, 2031-05-02",20:33,26.87
Mars,Opposition,,"Sun, 2031-05-04",12:03,179.46
Venus,Greatest Elongation,E,"Mon, 2031-06-02",03:32,45.40
Jupiter,Opposition,,"Sun, 2031-06-15",09:19,179.54
Mercury,Greatest Elongation,E,"Tue, 2031-07-15",07:23,26.57
Mercury,Greatest Elongation,W,"Fri, 2031-08-29",17:36,18.24
Neptune,Opposition,,"Tue, 2031-10-07",16:21,178.38
Venus,Greatest Elongation,W,"Tue, 2031-10-21",14:13,46.39
Mercury,Greatest Elongation,E,"Sun, 2031-11-09",15:01,23.12
Saturn,Opposition,,"Thu, 2031-12-11",18:59,178.42
Uranus,Opposition,,"Wed, 2031-12-17",09:27,179.84
Mercury,Greatest Elongation,W,"Thu, 2031-12-18",10:32,21.47
Mercury,Greatest Elongation,E,"Sun, 2032-02-29",21:44,18.16
Mercury,Greatest Elongation,W,"Tue, 2032-04-13",20:48,27.65
Mercury,Greatest Elongation,E,"Sat, 2032-06-26",02:12,25.37
Jupiter,Opposition,,"Mon, 2032-07-19",08:33,179.54
Mercury,Greatest Elongation,W,"Wed, 2032-08-11",21:27,18.91
Neptune,Opposition,,"Sat, 2032-10-09",04:44,178.35
Mercury,Greatest Elongation,E,"Fri, 2032-10-22",03:52,24.44
Mercury,Greatest Elongation,W,"Tue, 2032-11-30",08:17,20.23
Uranus,Opposition,,"Mon, 2032-12-20",23:11,179.78
Saturn,Opposition,,"Fri, 2032-12-24",22:55,179.03
Venus,Greatest Elongation,E,"Fri, 2033-01-07",20:04,47.19
Mercury,Greatest Elongation,E,"Sat, 2033-02-12",10:05,18.17
Mercury,Greatest Elongation,W,"Sun, 2033-03-27",02:30,27.81
Venus,Greatest Elongation,W,"Sun, 2033-05-29",17:32,45.90
Mercury,Greatest Elongation,E,"Tue, 2033-06-07",16:23,23.84
Mars,Opposition,,"Tue, 2033-06-28",01:29,175.43
Mercury,Greatest Elongation,W,"Mon, 2033-07-25",15:12,19.95
Jupiter,Opposition,,"Thu, 2033-08-25",05:40,178.72
Mercury,Greatest Elongation,E,"Tue, 2033-10-04",16:01,25.66
Neptune,Opposition,,"Tue, 2033-10-11",17:06,178.32
Mercury,Greatest Elongation,W,"Sun, 2033-11-13",13:53,19.22
Uranus,Opposition,,"Sun, 2033-12-25",13:28,179.72
Saturn,Opposition,,"Sun, 2034-01-08",02:11,179.70
Mercury,Greatest Elongation,E,"Thu, 2034-01-26",22:17,18.49
Mercury,Greatest Elongation,W,"Thu, 2034-03-09",11:39,27.38
Mercury,Greatest Elongation,E,"Sat, 2034-05-20",08:12,22.25
Mercury,Greatest Elongation,W,"Fri, 2034-07-07",21:30,21.32
Venus,Greatest Elongation,E,"Sat, 2034-08-12",18:59,45.86
Mercury,Greatest Elongation,E,"Sun, 2034-09-17",04:13,26.64
Jupiter,Opposition,,"Mon, 2034-10-02",00:58,178.37
Neptune,Opposition,,"Sat, 2034-10-14",05:29,178.30
Mercury,Greatest Elongation,W,"Sat, 2034-10-28",01:39,18.49
Uranus,Opposition,,"Sat, 2034-12-30",04:38,179.66
Venus,Greatest Elongation,W,"Mon, 2035-01-01",07:28,46.95
Mercury,Greatest Elongation,E,"Wed, 2035-01-10",07:58,19.11
Saturn,Opposition,,"Mon, 2035-01-22",03:24,179.61
Mercury,Greatest Elongation,W,"Mon, 2035-02-19",21:35,26.45
Mercury,Greatest Elongation,E,"Wed, 2035-05-02",08:43,20.80
Mercury,Greatest Elongation,W,"Tue, 2035-06-19",17:52,22.95
Mercury,Greatest Elongation,E,"Thu, 2035-08-30",16:08,27.26
Mars,Opposition,,"Sat, 2035-09-15",19:38,174.36
Mercury,Greatest Elongation,W,"Thu, 2035-10-11",16:59,18.02
Neptune,Opposition,,"Tue, 2035-10-16",17:57,178.27
Jupiter,Opposition,,"Thu, 2035-11-08",05:42,178.67
Mercury,Greatest Elongation,E,"Mon, 2035-12-24",13:10,19.99
Uranus,Opposition,,"Thu, 2036-01-03",20:30,179.61
Mercury,Greatest Elongation,W,"Sat, 2036-02-02",06:24,25.17
Saturn,Opposition,,"Tue, 2036-02-05",01:31,178.96
Venus,Greatest Elongation,E,"Thu, 2036-03-20",03:23,46.16
Mercury,Greatest Elongation,E,"Sun, 2036-04-13",21:02,19.64
Mercury,Greatest Elongation,W,"Sat, 2036-05-31",08:42,24.65
Venus,Greatest Elongation,W,"Fri, 2036-08-08",08:38,45.77
Mercury,Greatest Elongation,E,"Tue, 2036-08-12",02:16,27.42
Mercury,Greatest Elongation,W,"Wed, 2036-09-24",09:10,17.86
Neptune,Opposition,,"Sat, 2036-10-18",06:12,178.25
Mercury,Greatest Elongation,E,"Sat, 2036-12-06",13:00,21.09
Jupiter,Opposition,,"Fri, 2036-12-12",14:42,179.46
Uranus,Opposition,,"Wed, 2037-01-07",13:14,179.55
Mercury,Greatest Elongation,W,"Wed, 2037-01-14",14:54,23.72
Saturn,Opposition,,"Tue, 2037-02-17",19:27,178.38
Mercury,Greatest Elongation,E,"Fri, 2037-03-27",20:03,18.80
Mercury,Greatest Elongation,W,"Tue, 2037-05-12",23:58,26.17
Mercury,Greatest Elongation,E,"Sat, 2037-07-25",08:04,27.04
Mercury,Greatest Elongation,W,"Mon, 2037-09-07",22:58,18.00
Neptune,Opposition,,"Tue, 2037-10-20",18:21,178.23
Venus,Greatest Elongation,E,"Sun, 2037-10-25",01:22,46.99
Mercury,Greatest Elongation,E,"Thu, 2037-11-19",07:28,22.35
Mars,Opposition,,"Thu, 2037-11-19",09:09,179.28
Mercury,Greatest Elongation,W,"Mon, 2037-12-28",02:07,22.26
Uranus,Opposition,,"Tue, 2038-01-12",06:42,179.50
Jupiter,Opposition,,"Thu, 2038-01-14",19:57,179.61
Saturn,Opposition,,"Wed, 2038-03-03",08:33,177.91
Mercury,Greatest Elongation,E,"Thu, 2038-03-11",02:44,18.29
Venus,Greatest Elongation,W,"Mon, 2038-03-15",13:51,46.63
Mercury,Greatest Elongation,W,"Sat, 2038-04-24",20:29,27.27
Mercury,Greatest Elongation,E,"Wed, 2038-07-07",07:06,26.11
Mercury,Greatest Elongation,W,"Sun, 2038-08-22",07:20,18.48
Neptune,Opposition,,"Sat, 2038-10-23",06:29,178.21
Mercury,Greatest Elongation,E,"Mon, 2038-11-01",21:42,23.68
Mercury,Greatest Elongation,W,"Fri, 2038-12-10",19:36,20.91
Uranus,Opposition,,"Mon, 2039-01-17",01:03,179.45
Jupiter,Opposition,,"Tue, 2039-02-15",08:02,178.86
Mercury,Greatest Elongation,E,"Tue, 2039-02-22",13:51,18.12
Saturn,Opposition,,"Wed, 2039-03-16",16:12,177.55
Mercury,Greatest Elongation,W,"Wed, 2039-04-06",23:30,27.80
Venus,Greatest Elongation,E,"Mon, 2039-05-30",19:31,45.41
Mercury,Greatest Elongation,E,"Sat, 2039-06-18",23:08,24.75
Mercury,Greatest Elongation,W,"Fri, 2039-08-05",07:13,19.31
Mercury,Greatest Elongation,E,"Sat, 2039-10-15",09:50,24.98
Venus,Greatest Elongation,W,"Wed, 2039-10-19",04:22,46.36
Neptune,Opposition,,"Tue, 2039-10-25",18:23,178.20
Mercury,Greatest Elongation,W,"Wed, 2039-11-23",20:57,19.77
Mars,Opposition,,"Mon, 2040-01-02",15:27,176.21
Uranus,Opposition,,"Sat, 2040-01-21",19:46,179.40
Mercury,Greatest Elongation,E,"Mon, 2040-02-06",02:27,18.27
Jupiter,Opposition,,"Fri, 2040-03-16",21:58,178.45
Mercury,Greatest Elongation,W,"Mon, 2040-03-19",07:12,27.69
Saturn,Opposition,,"Wed, 2040-03-28",18:15,177.33
Mercury,Greatest Elongation,E,"Wed, 2040-05-30",12:54,23.16
Mercury,Greatest Elongation,W,"Tue, 2040-07-17",20:12,20.50
Mercury,Greatest Elongation,E,"Wed, 2040-09-26",21:50,26.11
Neptune,Opposition,,"Sat, 2040-10-27",06:23,178.19
Mercury,Greatest Elongation,W,"Tue, 2040-11-06",05:20,18.88
Venus,Greatest Elongation,E,"Sat, 2041-01-05",09:55,47.21
Mercury,Greatest Elongation,E,"Sat, 2041-01-19",13:53,18.72
Uranus,Opposition,,"Fri, 2041-01-25",15:27,179.36
Mercury,Greatest Elongation,W,"Fri, 2041-03-01",16:48,27.03
Saturn,Opposition,,"Wed, 2041-04-10",15:12,177.23
Jupiter,Opposition,,"Tue, 2041-04-16",12:20,178.47
Mercury,Greatest Elongation,E,"Sun, 2041-05-12",07:53,21.60
Venus,Greatest Elongation,W,"Mon, 2041-05-27",07:04,45.92
Mercury,Greatest Elongation,W,"Sat, 2041-06-29",21:49,21.99
Mercury,Greatest Elongation,E,"Mon, 2041-09-09",10:16,26.96
Mercury,Greatest Elongation,W,"Sun, 2041-10-20",18:54,18.25
Neptune,Opposition,,"Tue, 2041-10-29",18:02,178.18
Mercury,Greatest Elongation,E,"Thu, 2042-01-02",21:56,19.45
Uranus,Opposition,,"Thu, 2042-01-30",11:35,179.32
Mars,Opposition,,"Thu, 2042-02-06",12:05,175.44
Mercury,Greatest Elongation,W,"Wed, 2042-02-12",02:11,25.94
Saturn,Opposition,,"Wed, 2042-04-23",07:28,177.27
Mercury,Greatest Elongation,E,"Thu, 2042-04-24",13:24,20.27
Jupiter,Opposition,,"Sat, 2042-05-17",23:54,178.89
Mercury,Greatest Elongation,W,"Wed, 2042-06-11",14:55,23.67
Venus,Greatest Elongation,E,"Sun, 2042-08-10",07:49,45.82
Mercury,Greatest Elongation,E,"Fri, 2042-08-22",21:49,27.40
Mercury,Greatest Elongation,W,"Sat, 2042-10-04",10:59,17.92
Neptune,Opposition,,"Sat, 2042-11-01",05:55,178.18
Mercury,Greatest Elongation,E,"Wed, 2042-12-17",00:56,20.43
Venus,Greatest Elongation,W,"Mon, 2042-12-29",22:04,46.94
Mercury,Greatest Elongation,W,"Sun, 2043-01-25",10:45,24.57
Uranus,Opposition,,"Wed, 2043-02-04",08:26,179.28
Mercury,Greatest Elongation,E,"Tue, 2043-04-07",06:32,19.24
Saturn,Opposition,,"Tue, 2043-05-05",19:38,177.42
Mercury,Greatest Elongation,W,"Sun, 2043-05-24",05:25,25.33
Jupiter,Opposition,,"Sat, 2043-06-20",02:36,179.66
Mercury,Greatest Elongation,E,"Wed, 2043-08-05",06:18,27.33
Mercury,Greatest Elongation,W,"Fri, 2043-09-18",02:31,17.88
Neptune,Opposition,,"Tue, 2043-11-03",17:41,178.17
Mercury,Greatest Elongation,E,"Sun, 2043-11-29",22:14,21.61
Mercury,Greatest Elongation,W,"Thu, 2044-01-07",20:04,23.09
Uranus,Opposition,,"Tue, 2044-02-09",05:50,179.25
Mars,Opposition,,"Fri, 2044-03-11",12:50,176.08
Venus,Greatest Elongation,E,"Thu, 2044-03-17",19:05,46.20
Mercury,Greatest Elongation,E,"Sun, 2044-03-20",09:11,18.54
Mercury,Greatest Elongation,W,"Wed, 2044-05-04",22:48,26.70
Saturn,Opposition,,"Tue, 2044-05-17",04:37,177.68
Mercury,Greatest Elongation,E,"Sun, 2044-07-17",09:12,26.71
Jupiter,Opposition,,"Sun, 2044-07-24",06:54,179.42
Venus,Greatest Elongation,W,"Sat, 2044-08-06",01:28,45.76
Mercury,Greatest Elongation,W,"Wed, 2044-08-31",14:29,18.17
Neptune,Opposition,,"Sat, 2044-11-05",05:20,178.17
Mercury,Greatest Elongation,E,"Fri, 2044-11-11",14:36,22.92
Mercury,Greatest Elongation,W,"Tue, 2044-12-20",09:36,21.67
Uranus,Opposition,,"Mon, 2045-02-13",03:56,179.23
Mercury,Greatest Elongation,E,"Fri, 2045-03-03",18:14,18.18
Mercury,Greatest Elongation,W,"Sun, 2045-04-16",21:58,27.57
Saturn,Opposition,,"Mon, 2045-05-29",10:58,178.03
Mercury,Greatest Elongation,E,"Thu, 2045-06-29",05:12,25.57
Mercury,Greatest Elongation,W,"Mon, 2045-08-14",19:35,18.79
Jupiter,Opposition,,"Wed, 2045-08-30",07:02,178.64
Venus,Greatest Elongation,E,"Sun, 2045-10-22",15:54,46.95
Mercury,Greatest Elongation,E,"Wed, 2045-10-25",03:51,24.25
Neptune,Opposition,,"Tue, 2045-11-07",17:03,178.18
Mercury,Greatest Elongation,W,"Sun, 2045-12-03",06:09,20.40
Mercury,Greatest Elongation,E,"Thu, 2046-02-15",06:22,18.15
Uranus,Opposition,,"Sun, 2046-02-18",02:35,179.21
Venus,Greatest Elongation,W,"Tue, 2046-03-13",02:54,46.66
Mercury,Greatest Elongation,W,"Fri, 2046-03-30",03:02,27.83
Mars,Opposition,,"Tue, 2046-04-17",18:06,178.15
Saturn,Opposition,,"Sun, 2046-06-10",15:22,178.45
Mercury,Greatest Elongation,E,"Sun, 2046-06-10",19:45,24.08
Mercury,Greatest Elongation,W,"Sat, 2046-07-28",15:00,19.77
Jupiter,Opposition,,"Sun, 2046-10-07",01:29,178.37
Mercury,Greatest Elongation,E,"Sun, 2046-10-07",15:56,25.49
Neptune,Opposition,,"Sat, 2046-11-10",04:43,178.18
Mercury,Greatest Elongation,W,"Fri, 2046-11-16",10:45,19.36
Mercury,Greatest Elongation,E,"Tue, 2047-01-29",18:43,18.42
Uranus,Opposition,,"Sat, 2047-02-23",01:50,179.20
Mercury,Greatest Elongation,W,"Tue, 2047-03-12",11:56,27.48
Mercury,Greatest Elongation,E,"Thu, 2047-05-23",10:38,22.48
Venus,Greatest Elongation,E,"Tue, 2047-05-28",10:35,45.42
Saturn,Opposition,,"Sat, 2047-06-22",19:08,178.93
Mercury,Greatest Elongation,W,"Wed, 2047-07-10",23:01,21.10
Mercury,Greatest Elongation,E,"Fri, 2047-09-20",04:00,26.51
Venus,Greatest Elongation,W,"Wed, 2047-10-16",18:07,46.33
Mercury,Greatest Elongation,W,"Wed, 2047-10-30",21:44,18.58
Neptune,Opposition,,"Tue, 2047-11-12",16:27,178.19
Jupiter,Opposition,,"Wed, 2047-11-13",02:11,178.75
Mercury,Greatest Elongation,E,"Mon, 2048-01-13",04:53,19.00
Mercury,Greatest Elongation,W,"Sat, 2048-02-22",21:54,26.61
Uranus,Opposition,,"Fri, 2048-02-28",01:26,179.19
Mercury,Greatest Elongation,E,"Mon, 2048-05-04",09:30,21.00
Mars,Opposition,,"Wed, 2048-06-03",14:51,177.68
Mercury,Greatest Elongation,W,"Sun, 2048-06-21",20:35,22.69
Saturn,Opposition,,"Fri, 2048-07-03",23:04,179.45
Mercury,Greatest Elongation,E,"Tue, 2048-09-01",16:03,27.20
Mercury,Greatest Elongation,W,"Tue, 2048-10-13",12:45,18.07
Neptune,Opposition,,"Sat, 2048-11-14",04:02,178.20
Jupiter,Opposition,,"Thu, 2048-12-17",05:32,179.58
Mercury,Greatest Elongation,E,"Sat, 2048-12-26",10:49,19.84
Venus,Greatest Elongation,E,"Sat, 2049-01-02",23:05,47.23
Mercury,Greatest Elongation,W,"Thu, 2049-02-04",06:47,25.38
Uranus,Opposition,,"Thu, 2049-03-04",01:45,179.18
Mercury,Greatest Elongation,E,"Fri, 2049-04-16",20:08,19.79
Venus,Greatest Elongation,W,"Mon, 2049-05-24",21:12,45.94
Mercury,Greatest Elongation,W,"Thu, 2049-06-03",11:45,24.40
Saturn,Opposition,,"Fri, 2049-07-16",03:51,180.00
Mercury,Greatest Elongation,E,"Sun, 2049-08-15",02:43,27.43
Mercury,Greatest Elongation,W,"Mon, 2049-09-27",04:55,17.86
Neptune,Opposition,,"Tue, 2049-11-16",15:33,178.22
Mercury,Greatest Elongation,E,"Thu, 2049-12-09",11:32,20.92
Mercury,Greatest Elongation,W,"Mon, 2050-01-17",15:09,23.94
Jupiter,Opposition,,"Wed, 2050-01-19",05:57,179.50
Uranus,Opposition,,"Wed, 2050-03-09",02:29,179.19
Mercury,Greatest Elongation,E,"Wed, 2050-03-30",17:46,18.90
Mercury,Greatest Elongation,W,"Mon, 2050-05-16",02:37,25.97
Mercury,Greatest Elongation,E,"Thu, 2050-07-28",09:22,27.13
Saturn,Opposition,,"Thu, 2050-07-28",10:42,179.45
Venus,Greatest Elongation,E,"Sun, 2050-08-07",21:40,45.79
Mars,Opposition,,"Sun, 2050-08-14",07:51,173.14
Mercury,Greatest Elongation,W,"Sat, 2050-09-10",19:17,17.96
Neptune,Opposition,,"Sat, 2050-11-19",02:54,178.23
Mercury,Greatest Elongation,E,"Tue, 2050-11-22",06:47,22.16
Venus,Greatest Elongation,W,"Tue, 2050-12-27",13:25,46.93
Mercury,Greatest Elongation,W,"Sat, 2050-12-31",01:52,22.47
Jupiter,Opposition,,"Sun, 2051-02-19",14:40,178.78
Mercury,Greatest Elongation,E,"Mon, 2051-03-13",23:31,18.35
Uranus,Opposition,,"Tue, 2051-03-14",03:28,179.19
Mercury,Greatest Elongation,W,"Thu, 2051-04-27",22:24,27.14
Mercury,Greatest Elongation,E,"Mon, 2051-07-10",09:22,26.28
Saturn,Opposition,,"Wed, 2051-08-09",20:40,178.91
Mercury,Greatest Elongation,W,"Fri, 2051-08-25",04:41,18.39
Mercury,Greatest Elongation,E,"Sat, 2051-11-04",21:24,23.49
Neptune,Opposition,,"Tue, 2051-11-21",14:18,178.25
Mercury,Greatest Elongation,W,"Wed, 2051-12-13",18:15,21.10
Mercury,Greatest Elongation,E,"Sun, 2052-02-25",10:10,18.13
Venus,Greatest Elongation,E,"Fri, 2052-03-15",11:23,46.24
Uranus,Opposition,,"Mon, 2052-03-18",04:55,179.21
Jupiter,Opposition,,"Thu, 2052-03-21",03:58,178.43
Mercury,Greatest Elongation,W,"Tue, 2052-04-09",00:30,27.76
Mercury,Greatest Elongation,E,"Fri, 2052-06-21",02:16,24.97
Venus,Greatest Elongation,W,"Sat, 2052-08-03",17:58,45.75
Mercury,Greatest Elongation,W,"Wed, 2052-08-07",06:02,19.17
Saturn,Opposition,,"Wed, 2052-08-21",10:31,178.41
Mercury,Greatest Elongation,E,"Thu, 2052-10-17",09:44,24.79
Mars,Opposition,,"Mon, 2052-10-28",06:34,178.52
Neptune,Opposition,,"Sat, 2052-11-23",01:22,178.27
Mercury,Greatest Elongation,W,"Mon, 2052-11-25",18:21,19.93
Mercury,Greatest Elongation,E,"Fri, 2053-02-07",22:44,18.23
Mercury,Greatest Elongation,W,"Sat, 2053-03-22",07:32,27.75
Uranus,Opposition,,"Sun, 2053-03-23",06:31,179.23
Jupiter,Opposition,,"Sun, 2053-04-20",19:41,178.50
Mercury,Greatest Elongation,E,"Mon, 2053-06-02",16:02,23.40
Mercury,Greatest Elongation,W,"Sun, 2053-07-20",20:42,20.30
Saturn,Opposition,,"Wed, 2053-09-03",04:52,177.97
Mercury,Greatest Elongation,E,"Mon, 2053-09-29",21:46,25.96
Venus,Greatest Elongation,E,"Mon, 2053-10-20",06:08,46.92
Mercury,Greatest Elongation,W,"Sun, 2053-11-09",01:50,18.99
Neptune,Opposition,,"Tue, 2053-11-25",12:33,178.30
Mercury,Greatest Elongation,E,"Thu, 2054-01-22",10:29,18.63
Mercury,Greatest Elongation,W,"Wed, 2054-03-04",16:57,27.16
Venus,Greatest Elongation,W,"Tue, 2054-03-10",15:14,46.68
Uranus,Opposition,,"Sat, 2054-03-28",08:15,179.25
Mercury,Greatest Elongation,E,"Fri, 2054-05-15",09:49,21.83
Jupiter,Opposition,,"Fri, 2054-05-22",11:02,178.98
Mercury,Greatest Elongation,W,"Thu, 2054-07-02",23:53,21.75
Mercury,Greatest Elongation,E,"Sat, 2054-09-12",10:10,26.86
Saturn,Opposition,,"Wed, 2054-09-16",04:10,177.61
Mercury,Greatest Elongation,W,"Fri, 2054-10-23",14:46,18.33
Neptune,Opposition,,"Fri, 2054-11-27",23:43,178.33
Mars,Opposition,,"Thu, 2054-12-17",22:14,177.04
Mercury,Greatest Elongation,E,"Tue, 2055-01-05",19:10,19.33
Mercury,Greatest Elongation,W,"Mon, 2055-02-15",02:31,26.12
Uranus,Opposition,,"Fri, 2055-04-02",09:54,179.28
Mercury,Greatest Elongation,E,"Tue, 2055-04-27",13:30,20.45
Venus,Greatest Elongation,E,"Wed, 2055-05-26",01:21,45.43
Mercury,Greatest Elongation,W,"Mon, 2055-06-14",18:00,23.42
Jupiter,Opposition,,"Thu, 2055-06-24",19:50,179.78
Mercury,Greatest Elongation,E,"Wed, 2055-08-25",21:53,27.36
Saturn,Opposition,,"Wed, 2055-09-29",09:02,177.36
Mercury,Greatest Elongation,W,"Thu, 2055-10-07",06:37,17.95
Venus,Greatest Elongation,W,"Thu, 2055-10-14",08:28,46.31
Neptune,Opposition,,"Tue, 2055-11-30",10:42,178.36
Mercury,Greatest Elongation,E,"Sun, 2055-12-19",22:54,20.27
Mercury,Greatest Elongation,W,"Fri, 2056-01-28",11:15,24.78
Uranus,Opposition,,"Thu, 2056-04-06",11:37,179.32
Mercury,Greatest Elongation,E,"Sun, 2056-04-09",04:59,19.37
Mercury,Greatest Elongation,W,"Fri, 2056-05-26",08:33,25.10
Jupiter,Opposition,,"Sat, 2056-07-29",06:47,179.29
Mercury,Greatest Elongation,E,"Mon, 2056-08-07",06:57,27.37
Mercury,Greatest Elongation,W,"Tue, 2056-09-19",22:33,17.87
Saturn,Opposition,,"Wed, 2056-10-11",19:20,177.23
Mercury,Greatest Elongation,E,"Fri, 2056-12-01",21:05,21.43
Neptune,Opposition,,"Fri, 2056-12-01",21:49,178.39
Venus,Greatest Elongation,E,"Sun, 2056-12-31",12:49,47.24
Mercury,Greatest Elongation,W,"Tue, 2057-01-09",20:12,23.31
Mars,Opposition,,"Wed, 2057-01-24",01:32,175.54
Mercury,Greatest Elongation,E,"Fri, 2057-03-23",06:27,18.63
Uranus,Opposition,,"Wed, 2057-04-11",13:09,179.36
Mercury,Greatest Elongation,W,"Tue, 2057-05-08",01:07,26.53
Venus,Greatest Elongation,W,"Tue, 2057-05-22",12:07,45.96
Mercury,Greatest Elongation,E,"Fri, 2057-07-20",10:59,26.84
Mercury,Greatest Elongation,W,"Mon, 2057-09-03",11:16,18.10
Jupiter,Opposition,,"Tue, 2057-09-04",11:28,178.57
Saturn,Opposition,,"Thu, 2057-10-25",10:39,177.25
Mercury,Greatest Elongation,E,"Wed, 2057-11-14",14:11,22.72
Neptune,Opposition,,"Tue, 2057-12-04",08:40,178.42
Mercury,Greatest Elongation,W,"Sun, 2057-12-23",08:49,21.87
Mercury,Greatest Elongation,E,"Wed, 2058-03-06",14:42,18.22
Uranus,Opposition,,"Tue, 2058-04-16",14:39,179.40
Mercury,Greatest Elongation,W,"Fri, 2058-04-19",23:16,27.48
Mercury,Greatest Elongation,E,"Tue, 2058-07-02",08:06,25.77
Venus,Greatest Elongation,E,"Mon, 2058-08-05",12:31,45.76
Mercury,Greatest Elongation,W,"Sat, 2058-08-17",17:32,18.68
Jupiter,Opposition,,"Sat, 2058-10-12",06:37,178.39
Mercury,Greatest Elongation,E,"Mon, 2058-10-28",03:48,24.05
Saturn,Opposition,,"Fri, 2058-11-08",06:37,177.42
Mercury,Greatest Elongation,W,"Fri, 2058-12-06",04:18,20.57
Neptune,Opposition,,"Fri, 2058-12-06",19:46,178.46
Venus,Greatest Elongation,W,"Wed, 2058-12-25",04:34,46.92
Mercury,Greatest Elongation,E,"Tue, 2059-02-18",02:33,18.13
Mars,Opposition,,"Thu, 2059-02-27",05:31,175.68
Mercury,Greatest Elongation,W,"Wed, 2059-04-02",03:39,27.83
Uranus,Opposition,,"Mon, 2059-04-21",15:37,179.45
Mercury,Greatest Elongation,E,"Fri, 2059-06-13",22:58,24.32
Mercury,Greatest Elongation,W,"Thu, 2059-07-31",14:29,19.60
Mercury,Greatest Elongation,E,"Fri, 2059-10-10",15:48,25.31
Jupiter,Opposition,,"Tue, 2059-11-18",03:01,178.85
Mercury,Greatest Elongation,W,"Wed, 2059-11-19",07:43,19.50
Saturn,Opposition,,"Sat, 2059-11-22",06:10,177.74
Neptune,Opposition,,"Tue, 2059-12-09",06:43,178.50
Mercury,Greatest Elongation,E,"Sun, 2060-02-01",15:01,18.36
Venus,Greatest Elongation,E,"Sat, 2060-03-13",03:34,46.28
Mercury,Greatest Elongation,W,"Sun, 2060-03-14",12:15,27.56
Uranus,Opposition,,"Sun, 2060-04-25",16:41,179.50
Mercury,Greatest Elongation,E,"Tue, 2060-05-25",13:11,22.71
Mercury,Greatest Elongation,W,"Tue, 2060-07-13",00:14,20.88
Venus,Greatest Elongation,W,"Sun, 2060-08-01",09:34,45.75
Mercury,Greatest Elongation,E,"Wed, 2060-09-22",03:47,26.38
Mercury,Greatest Elongation,W,"Mon, 2060-11-01",17:51,18.68
Saturn,Opposition,,"Sun, 2060-12-05",08:05,178.20
Neptune,Opposition,,"Fri, 2060-12-10",17:42,178.54
Jupiter,Opposition,,"Tue, 2060-12-21",23:27,179.71
Mercury,Greatest Elongation,E,"Sat, 2061-01-15",01:38,18.89
Mercury,Greatest Elongation,W,"Thu, 2061-02-24",22:10,26.77
Mars,Opposition,,"Sat, 2061-04-02",12:53,177.15
Uranus,Opposition,,"Sat, 2061-04-30",17:18,179.55
Mercury,Greatest Elongation,E,"Sat, 2061-05-07",10:37,21.21
Mercury,Greatest Elongation,W,"Fri, 2061-06-24",23:08,22.45
Mercury,Greatest Elongation,E,"Sun, 2061-09-04",16:00,27.13
Mercury,Greatest Elongation,W,"Sun, 2061-10-16",08:29,18.13
Venus,Greatest Elongation,E,"Mon, 2061-10-17",19:11,46.88
Neptune,Opposition,,"Tue, 2061-12-13",04:37,178.59
Saturn,Opposition,,"Mon, 2061-12-19",11:34,178.77
Mercury,Greatest Elongation,E,"Thu, 2061-12-29",08:26,19.70
Jupiter,Opposition,,"Mon, 2062-01-23",16:50,179.38
Mercury,Greatest Elongation,W,"Tue, 2062-02-07",07:10,25.58
Venus,Greatest Elongation,W,"Wed, 2062-03-08",03:05,46.70
Mercury,Greatest Elongation,E,"Wed, 2062-04-19",19:35,19.95
Uranus,Opposition,,"Fri, 2062-05-05",17:35,179.61
Mercury,Greatest Elongation,W,"Tue, 2062-06-06",14:52,24.15
Mercury,Greatest Elongation,E,"Fri, 2062-08-18",03:08,27.43
Mercury,Greatest Elongation,W,"Sat, 2062-09-30",00:41,17.88
Mercury,Greatest Elongation,E,"Tue, 2062-12-12",09:59,20.74
Neptune,Opposition,,"Fri, 2062-12-15",15:30,178.63
Saturn,Opposition,,"Tue, 2063-01-02",15:08,179.42
Mercury,Greatest Elongation,W,"Sat, 2063-01-20",15:32,24.16
Jupiter,Opposition,,"Fri, 2063-02-23",20:35,178.71
Mercury,Greatest Elongation,E,"Mon, 2063-04-02",15:40,19.01
Uranus,Opposition,,"Thu, 2063-05-10",17:30,179.67
Mars,Opposition,,"Mon, 2063-05-14",22:21,179.61
Mercury,Greatest Elongation,W,"Sat, 2063-05-19",05:29,25.75
Venus,Greatest Elongation,E,"Wed, 2063-05-23",16:03,45.44
Mercury,Greatest Elongation,E,"Tue, 2063-07-31",10:28,27.21
Mercury,Greatest Elongation,W,"Thu, 2063-09-13",15:30,17.93
Venus,Greatest Elongation,W,"Thu, 2063-10-11",23:42,46.28
Mercury,Greatest Elongation,E,"Sun, 2063-11-25",05:58,21.97
Neptune,Opposition,,"Tue, 2063-12-18",02:10,178.68
Mercury,Greatest Elongation,W,"Thu, 2064-01-03",01:46,22.69
Saturn,Opposition,,"Wed, 2064-01-16",17:08,179.89
Mercury,Greatest Elongation,E,"Sat, 2064-03-15",20:23,18.41
Jupiter,Opposition,,"Tue, 2064-03-25",07:20,178.42
Mercury,Greatest Elongation,W,"Wed, 2064-04-30",00:25,27.00
Uranus,Opposition,,"Wed, 2064-05-14",17:07,179.73
Mercury,Greatest Elongation,E,"Sat, 2064-07-12",11:25,26.44
Mercury,Greatest Elongation,W,"Wed, 2064-08-27",01:52,18.31
Mercury,Greatest Elongation,E,"Thu, 2064-11-06",21:02,23.29
Mercury,Greatest Elongation,W,"Mon, 2064-12-15",17:04,21.30
Neptune,Opposition,,"Fri, 2064-12-19",12:46,178.73
Venus,Greatest Elongation,E,"Mon, 2064-12-29",03:26,47.26
Saturn,Opposition,,"Thu, 2065-01-29",16:27,179.23
Mercury,Greatest Elongation,E,"Fri, 2065-02-27",06:32,18.14
Mercury,Greatest Elongation,W,"Sun, 2065-04-12",01:31,27.71
Jupiter,Opposition,,"Sat, 2065-04-25",00:16,178.55
Uranus,Opposition,,"Tue, 2065-05-19",16:14,179.79
Venus,Greatest Elongation,W,"Wed, 2065-05-20",03:45,45.98
Mercury,Greatest Elongation,E,"Wed, 2065-06-24",05:22,25.19
Mars,Opposition,,"Mon, 2065-07-13",21:03,174.24
Mercury,Greatest Elongation,W,"Mon, 2065-08-10",04:38,19.03
Mercury,Greatest Elongation,E,"Tue, 2065-10-20",09:38,24.61
Mercury,Greatest Elongation,W,"Sat, 2065-11-28",15:56,20.09
Neptune,Opposition,,"Mon, 2065-12-21",23:23,178.78
Mercury,Greatest Elongation,E,"Wed, 2066-02-10",19:01,18.19
Saturn,Opposition,,"Fri, 2066-02-12",11:51,178.61
Mercury,Greatest Elongation,W,"Thu, 2066-03-25",07:50,27.79
Uranus,Opposition,,"Mon, 2066-05-24",14:47,179.85
Jupiter,Opposition,,"Wed, 2066-05-26",20:10,179.07
Mercury,Greatest Elongation,E,"Sat, 2066-06-05",19:18,23.64
Mercury,Greatest Elongation,W,"Fri, 2066-07-23",20:57,20.11
Venus,Greatest Elongation,E,"Tue, 2066-08-03",03:34,45.73
Mercury,Greatest Elongation,E,"Sat, 2066-10-02",21:43,25.80
Mercury,Greatest Elongation,W,"Thu, 2066-11-11",22:23,19.11
Venus,Greatest Elongation,W,"Wed, 2066-12-22",19:06,46.91
Neptune,Opposition,,"Fri, 2066-12-24",09:47,178.84
Mercury,Greatest Elongation,E,"Tue, 2067-01-25",07:05,18.55
Saturn,Opposition,,"Sat, 2067-02-26",02:19,178.09
Mercury,Greatest Elongation,W,"Mon, 2067-03-07",17:07,27.28
Mercury,Greatest Elongation,E,"Wed, 2067-05-18",11:55,22.05
Uranus,Opposition,,"Sun, 2067-05-29",12:40,179.91
Jupiter,Opposition,,"Wed, 2067-06-29",12:23,179.91
Mercury,Greatest Elongation,W,"Wed, 2067-07-06",01:46,21.52
Mercury,Greatest Elongation,E,"Thu, 2067-09-15",10:02,26.74
Mars,Opposition,,"Sun, 2067-10-02",19:55,175.80
Mercury,Greatest Elongation,W,"Wed, 2067-10-26",10:44,18.41
Neptune,Opposition,,"Mon, 2067-12-26",20:22,178.89
Mercury,Greatest Elongation,E,"Sun, 2068-01-08",16:16,19.21
Mercury,Greatest Elongation,W,"Sat, 2068-02-18",02:56,26.30
Saturn,Opposition,,"Sat, 2068-03-10",11:44,177.68
Venus,Greatest Elongation,E,"Sat, 2068-03-10",19:05,46.32
Mercury,Greatest Elongation,E,"Sun, 2068-04-29",13:51,20.63
Uranus,Opposition,,"Sat, 2068-06-02",10:03,179.98
Mercury,Greatest Elongation,W,"Sat, 2068-06-16",21:02,23.17
Venus,Greatest Elongation,W,"Mon, 2068-07-30",00:40,45.74
Jupiter,Opposition,,"Fri, 2068-08-03",07:44,179.17
Mercury,Greatest Elongation,E,"Mon, 2068-08-27",21:54,27.31
Mercury,Greatest Elongation,W,"Tue, 2068-10-09",02:27,17.99
Mercury,Greatest Elongation,E,"Fri, 2068-12-21",20:49,20.12
Neptune,Opposition,,"Fri, 2068-12-28",06:40,178.95
Mercury,Greatest Elongation,W,"Wed, 2069-01-30",11:47,24.99
Saturn,Opposition,,"Sat, 2069-03-23",15:48,177.40
Mercury,Greatest Elongation,E,"Fri, 2069-04-12",03:40,19.51
Mercury,Greatest Elongation,W,"Wed, 2069-05-29",11:42,24.86
Uranus,Opposition,,"Fri, 2069-06-07",06:46,179.96
Mercury,Greatest Elongation,E,"Sat, 2069-08-10",07:33,27.41
Jupiter,Opposition,,"Mon, 2069-09-09",18:52,178.51
Mercury,Greatest Elongation,W,"Sun, 2069-09-22",18:27,17.86
Venus,Greatest Elongation,E,"Tue, 2069-10-15",07:31,46.84
Mars,Opposition,,"Sat, 2069-11-30",10:20,178.30
Mercury,Greatest Elongation,E,"Wed, 2069-12-04",19:52,21.25
Neptune,Opposition,,"Mon, 2069-12-30",17:10,179.01
Mercury,Greatest Elongation,W,"Sun, 2070-01-12",20:23,23.53
Venus,Greatest Elongation,W,"Wed, 2070-03-05",15:35,46.73
Mercury,Greatest Elongation,E,"Wed, 2070-03-26",03:51,18.72
Saturn,Opposition,,"Sat, 2070-04-05",14:27,177.25
Mercury,Greatest Elongation,W,"Sun, 2070-05-11",03:31,26.34
Uranus,Opposition,,"Thu, 2070-06-12",02:28,179.90
Mercury,Greatest Elongation,E,"Wed, 2070-07-23",12:35,26.95
Mercury,Greatest Elongation,W,"Sat, 2070-09-06",07:47,18.05
Jupiter,Opposition,,"Fri, 2070-10-17",14:18,178.42
Mercury,Greatest Elongation,E,"Mon, 2070-11-17",13:39,22.52
Mercury,Greatest Elongation,W,"Fri, 2070-12-26",08:11,22.08
Neptune,Opposition,,"Fri, 2071-01-02",03:35,179.07
Mercury,Greatest Elongation,E,"Mon, 2071-03-09",11:17,18.25
Saturn,Opposition,,"Sat, 2071-04-18",08:05,177.24
Mercury,Greatest Elongation,W,"Thu, 2071-04-23",00:44,27.38
Venus,Greatest Elongation,E,"Thu, 2071-05-21",07:36,45.45
Uranus,Opposition,,"Tue, 2071-06-16",21:42,179.84
Mercury,Greatest Elongation,E,"Sun, 2071-07-05",10:42,25.96
Mercury,Greatest Elongation,W,"Thu, 2071-08-20",15:11,18.57
Venus,Greatest Elongation,W,"Fri, 2071-10-09",15:53,46.26
Mercury,Greatest Elongation,E,"Sat, 2071-10-31",03:36,23.86
Jupiter,Opposition,,"Mon, 2071-11-23",05:14,178.95
Mercury,Greatest Elongation,W,"Wed, 2071-12-09",02:38,20.76
Neptune,Opposition,,"Mon, 2072-01-04",13:54,179.13
Mars,Opposition,,"Mon, 2072-01-11",01:05,175.88
Mercury,Greatest Elongation,E,"Sat, 2072-02-20",22:46,18.12
Mercury,Greatest Elongation,W,"Mon, 2072-04-04",04:24,27.82
Saturn,Opposition,,"Fri, 2072-04-29",21:15,177.34
Mercury,Greatest Elongation,E,"Thu, 2072-06-16",02:07,24.55
Uranus,Opposition,,"Mon, 2072-06-20",16:07,179.78
Mercury,Greatest Elongation,W,"Tue, 2072-08-02",13:44,19.44
Mercury,Greatest Elongation,E,"Wed, 2072-10-12",15:39,25.14
Mercury,Greatest Elongation,W,"Mon, 2072-11-21",04:53,19.64
Jupiter,Opposition,,"Mon, 2072-12-26",17:41,179.85
Venus,Greatest Elongation,E,"Mon, 2072-12-26",18:53,47.27
Neptune,Opposition,,"Fri, 2073-01-06",00:24,179.19
Mercury,Greatest Elongation,E,"Fri, 2073-02-03",11:18,18.31
Mercury,Greatest Elongation,W,"Fri, 2073-03-17",12:36,27.64
Saturn,Opposition,,"Fri, 2073-05-12",06:46,177.56
Venus,Greatest Elongation,W,"Wed, 2073-05-17",19:20,46.00
Mercury,Greatest Elongation,E,"Sun, 2073-05-28",16:02,22.95
Uranus,Opposition,,"Sun, 2073-06-25",09:50,179.72
Mercury,Greatest Elongation,W,"Sun, 2073-07-16",01:15,20.67
Mercury,Greatest Elongation,E,"Mon, 2073-09-25",03:39,26.24
Mercury,Greatest Elongation,W,"Sat, 2073-11-04",14:14,18.78
Neptune,Opposition,,"Mon, 2074-01-08",10:46,179.26
Mercury,Greatest Elongation,E,"Wed, 2074-01-17",22:24,18.80
Jupiter,Opposition,,"Sun, 2074-01-28",03:54,179.27
Mars,Opposition,,"Wed, 2074-02-14",01:58,175.47
Mercury,Greatest Elongation,W,"Tue, 2074-02-27",22:22,26.91
Mercury,Greatest Elongation,E,"Thu, 2074-05-10",12:07,21.42
Saturn,Opposition,,"Thu, 2074-05-24",13:21,177.87
Mercury,Greatest Elongation,W,"Thu, 2074-06-28",01:35,22.20
Uranus,Opposition,,"Sat, 2074-06-30",02:43,179.66
Venus,Greatest Elongation,E,"Tue, 2074-07-31",18:12,45.70
Mercury,Greatest Elongation,E,"Fri, 2074-09-07",16:01,27.04
Mercury,Greatest Elongation,W,"Fri, 2074-10-19",04:15,18.19
Venus,Greatest Elongation,W,"Thu, 2074-12-20",08:41,46.90
Mercury,Greatest Elongation,E,"Tue, 2075-01-01",06:00,19.56
Neptune,Opposition,,"Thu, 2075-01-10",21:10,179.32
Mercury,Greatest Elongation,W,"Sun, 2075-02-10",07:33,25.77
Jupiter,Opposition,,"Thu, 2075-02-28",03:11,178.64
Mercury,Greatest Elongation,E,"Mon, 2075-04-22",19:15,20.12
Saturn,Opposition,,"Wed, 2075-06-05",17:47,178.26
Mercury,Greatest Elongation,W,"Sun, 2075-06-09",17:59,23.89
Uranus,Opposition,,"Thu, 2075-07-04",19:05,179.61
Mercury,Greatest Elongation,E,"Wed, 2075-08-21",03:25,27.42
Mercury,Greatest Elongation,W,"Wed, 2075-10-02",20:22,17.90
Mercury,Greatest Elongation,E,"Sun, 2075-12-15",08:16,20.57
Neptune,Opposition,,"Mon, 2076-01-13",07:23,179.39
Mercury,Greatest Elongation,W,"Thu, 2076-01-23",15:59,24.38
Venus,Greatest Elongation,E,"Sun, 2076-03-08",09:34,46.36
Mars,Opposition,,"Thu, 2076-03-19",08:55,176.42
Jupiter,Opposition,,"Sun, 2076-03-29",13:21,178.41
Mercury,Greatest Elongation,E,"Sat, 2076-04-04",13:43,19.13
Mercury,Greatest Elongation,W,"Thu, 2076-05-21",08:27,25.53
Saturn,Opposition,,"Tue, 2076-06-16",21:09,178.72
Uranus,Opposition,,"Wed, 2076-07-08",10:44,179.56
Venus,Greatest Elongation,W,"Mon, 2076-07-27",15:22,45.73
Mercury,Greatest Elongation,E,"Sun, 2076-08-02",11:21,27.28
Mercury,Greatest Elongation,W,"Tue, 2076-09-15",11:39,17.90
Mercury,Greatest Elongation,E,"Fri, 2076-11-27",04:56,21.77
Mercury,Greatest Elongation,W,"Tue, 2077-01-05",01:45,22.91
Neptune,Opposition,,"Thu, 2077-01-14",17:37,179.45
Mercury,Greatest Elongation,E,"Thu, 2077-03-18",17:19,18.48
Jupiter,Opposition,,"Thu, 2077-04-29",08:40,178.60
Mercury,Greatest Elongation,W,"Mon, 2077-05-03",02:31,26.85
Saturn,Opposition,,"Tue, 2077-06-29",00:15,179.22
Uranus,Opposition,,"Tue, 2077-07-13",01:52,179.51
Mercury,Greatest Elongation,E,"Thu, 2077-07-15",13:21,26.59
Mercury,Greatest Elongation,W,"Sun, 2077-08-29",22:54,18.23
Venus,Greatest Elongation,E,"Tue, 2077-10-12",20:03,46.81
Mercury,Greatest Elongation,E,"Tue, 2077-11-09",20:39,23.09
Mercury,Greatest Elongation,W,"Sat, 2077-12-18",16:03,21.49
Neptune,Opposition,,"Mon, 2078-01-17",03:45,179.52
Mercury,Greatest Elongation,E,"Wed, 2078-03-02",02:53,18.16
Venus,Greatest Elongation,W,"Thu, 2078-03-03",05:01,46.75
Mercury,Greatest Elongation,W,"Fri, 2078-04-15",02:37,27.64
Mars,Opposition,,"Wed, 2078-04-27",01:39,178.87
Jupiter,Opposition,,"Tue, 2078-05-31",10:15,179.18
Mercury,Greatest Elongation,E,"Mon, 2078-06-27",08:25,25.40
Saturn,Opposition,,"Mon, 2078-07-11",03:54,179.76
Uranus,Opposition,,"Sun, 2078-07-17",16:03,179.46
Mercury,Greatest Elongation,W,"Sat, 2078-08-13",02:58,18.90
Mercury,Greatest Elongation,E,"Sun, 2078-10-23",09:34,24.41
Mercury,Greatest Elongation,W,"Thu, 2078-12-01",13:42,20.25
Neptune,Opposition,,"Thu, 2079-01-19",13:56,179.59
Mercury,Greatest Elongation,E,"Mon, 2079-02-13",15:15,18.16
Mercury,Greatest Elongation,W,"Tue, 2079-03-28",08:15,27.82
Venus,Greatest Elongation,E,"Thu, 2079-05-18",23:54,45.47
Mercury,Greatest Elongation,E,"Thu, 2079-06-08",22:35,23.88
Jupiter,Opposition,,"Tue, 2079-07-04",10:06,179.96
Uranus,Opposition,,"Sat, 2079-07-22",05:58,179.42
Saturn,Opposition,,"Sun, 2079-07-23",09:24,179.69
Mercury,Greatest Elongation,W,"Wed, 2079-07-26",20:55,19.92
Mercury,Greatest Elongation,E,"Thu, 2079-10-05",21:41,25.64
Venus,Greatest Elongation,W,"Sat, 2079-10-07",08:02,46.23
Mercury,Greatest Elongation,W,"Tue, 2079-11-14",19:04,19.24
Neptune,Opposition,,"Sun, 2080-01-21",23:56,179.66
Mercury,Greatest Elongation,E,"Sun, 2080-01-28",03:32,18.48
Mercury,Greatest Elongation,W,"Sat, 2080-03-09",17:23,27.39
Mercury,Greatest Elongation,E,"Mon, 2080-05-20",14:12,22.28
Mars,Opposition,,"Sun, 2080-06-16",20:28,176.42
Mercury,Greatest Elongation,W,"Mon, 2080-07-08",03:25,21.29
Uranus,Opposition,,"Thu, 2080-07-25",19:09,179.38
Saturn,Opposition,,"Sat, 2080-08-03",17:24,179.15
Jupiter,Opposition,,"Thu, 2080-08-08",12:58,179.05
Mercury,Greatest Elongation,E,"Tue, 2080-09-17",09:53,26.62
Mercury,Greatest Elongation,W,"Mon, 2080-10-28",06:44,18.50
Venus,Greatest Elongation,E,"Tue, 2080-12-24",10:44,47.28
Mercury,Greatest Elongation,E,"Fri, 2081-01-10",13:12,19.09
Neptune,Opposition,,"Thu, 2081-01-23",10:04,179.73
Mercury,Greatest Elongation,W,"Thu, 2081-02-20",03:19,26.47
Mercury,Greatest Elongation,E,"Fri, 2081-05-02",14:28,20.83
Venus,Greatest Elongation,W,"Thu, 2081-05-15",10:08,46.02
Mercury,Greatest Elongation,W,"Thu, 2081-06-19",23:56,22.91
Uranus,Opposition,,"Wed, 2081-07-30",07:39,179.35
Saturn,Opposition,,"Sat, 2081-08-16",04:39,178.63
Mercury,Greatest Elongation,E,"Sat, 2081-08-30",21:50,27.26
Jupiter,Opposition,,"Mon, 2081-09-15",03:14,178.45
Mercury,Greatest Elongation,W,"Sat, 2081-10-11",22:10,18.03
Mercury,Greatest Elongation,E,"Wed, 2081-12-24",18:36,19.97
Neptune,Opposition,,"Sun, 2082-01-25",20:12,179.80
Mercury,Greatest Elongation,W,"Mon, 2082-02-02",12:12,25.20
Mercury,Greatest Elongation,E,"Wed, 2082-04-15",02:34,19.66
Mercury,Greatest Elongation,W,"Mon, 2082-06-01",14:48,24.61
Venus,Greatest Elongation,E,"Wed, 2082-07-29",07:53,45.67
Uranus,Opposition,,"Mon, 2082-08-03",19:26,179.31
Mercury,Greatest Elongation,E,"Thu, 2082-08-13",08:03,27.43
Saturn,Opposition,,"Fri, 2082-08-28",20:23,178.16
Mars,Opposition,,"Tue, 2082-09-01",17:40,173.55
Mercury,Greatest Elongation,W,"Fri, 2082-09-25",14:17,17.86
Jupiter,Opposition,,"Thu, 2082-10-22",20:05,178.46
Mercury,Greatest Elongation,E,"Mon, 2082-12-07",18:33,21.07
Venus,Greatest Elongation,W,"Thu, 2082-12-17",21:34,46.89
Mercury,Greatest Elongation,W,"Fri, 2083-01-15",20:37,23.75
Neptune,Opposition,,"Thu, 2083-01-28",06:10,179.87
Mercury,Greatest Elongation,E,"Mon, 2083-03-29",01:25,18.81
Mercury,Greatest Elongation,W,"Fri, 2083-05-14",06:02,26.14
Mercury,Greatest Elongation,E,"Mon, 2083-07-26",14:00,27.05
Uranus,Opposition,,"Sun, 2083-08-08",06:48,179.28
Mercury,Greatest Elongation,W,"Thu, 2083-09-09",04:09,18.00
Saturn,Opposition,,"Fri, 2083-09-10",17:08,177.76
Mercury,Greatest Elongation,E,"Sat, 2083-11-20",13:00,22.33
Jupiter,Opposition,,"Sun, 2083-11-28",03:43,179.07
Mercury,Greatest Elongation,W,"Wed, 2083-12-29",07:44,22.29
Neptune,Opposition,,"Sun, 2084-01-30",16:23,179.94
Venus,Greatest Elongation,E,"Sun, 2084-03-05",23:29,46.40
Mercury,Greatest Elongation,E,"Sat, 2084-03-11",07:59,18.30
Mercury,Greatest Elongation,W,"Tue, 2084-04-25",02:26,27.26
Mercury,Greatest Elongation,E,"Fri, 2084-07-07",13:09,26.14
Venus,Greatest Elongation,W,"Tue, 2084-07-25",06:40,45.73
Uranus,Opposition,,"Fri, 2084-08-11",17:22,179.26
Mercury,Greatest Elongation,W,"Tue, 2084-08-22",12:43,18.47
Saturn,Opposition,,"Fri, 2084-09-22",19:03,177.46
Mercury,Greatest Elongation,E,"Thu, 2084-11-02",03:22,23.66
Mars,Opposition,,"Fri, 2084-11-10",06:07,179.86
Mercury,Greatest Elongation,W,"Mon, 2084-12-11",01:09,20.94
Jupiter,Opposition,,"Sun, 2084-12-31",07:36,179.98
Neptune,Opposition,,"Thu, 2085-02-01",02:27,179.99
Mercury,Greatest Elongation,E,"Thu, 2085-02-22",19:04,18.12
Mercury,Greatest Elongation,W,"Sat, 2085-04-07",05:18,27.79
Mercury,Greatest Elongation,E,"Tue, 2085-06-19",05:19,24.78
Mercury,Greatest Elongation,W,"Sun, 2085-08-05",12:48,19.29
Uranus,Opposition,,"Thu, 2085-08-16",03:32,179.24
Saturn,Opposition,,"Sat, 2085-10-06",02:25,177.27
Venus,Greatest Elongation,E,"Wed, 2085-10-10",09:03,46.77
Mercury,Greatest Elongation,E,"Mon, 2085-10-15",15:32,24.95
Mercury,Greatest Elongation,W,"Sat, 2085-11-24",02:18,19.79
Jupiter,Opposition,,"Fri, 2086-02-01",11:40,179.16
Neptune,Opposition,,"Sun, 2086-02-03",12:48,179.92
Mercury,Greatest Elongation,E,"Wed, 2086-02-06",07:39,18.26
Venus,Greatest Elongation,W,"Thu, 2086-02-28",19:06,46.77
Mercury,Greatest Elongation,W,"Wed, 2086-03-20",12:58,27.70
Mercury,Greatest Elongation,E,"Fri, 2086-05-31",19:07,23.19
Mercury,Greatest Elongation,W,"Fri, 2086-07-19",02:03,20.47
Uranus,Opposition,,"Tue, 2086-08-20",12:56,179.22
Mercury,Greatest Elongation,E,"Sat, 2086-09-28",03:33,26.09
Saturn,Opposition,,"Sat, 2086-10-19",15:07,177.22
Mercury,Greatest Elongation,W,"Thu, 2086-11-07",10:36,18.89
Mars,Opposition,,"Fri, 2086-12-27",02:38,176.51
Mercury,Greatest Elongation,E,"Mon, 2087-01-20",19:07,18.71
Neptune,Opposition,,"Wed, 2087-02-05",22:59,179.85
Mercury,Greatest Elongation,W,"Sun, 2087-03-02",22:30,27.05
Jupiter,Opposition,,"Tue, 2087-03-04",08:08,178.59
Mercury,Greatest Elongation,E,"Tue, 2087-05-13",13:51,21.64
Venus,Greatest Elongation,E,"Fri, 2087-05-16",16:36,45.48
Mercury,Greatest Elongation,W,"Tue, 2087-07-01",03:50,21.96
Uranus,Opposition,,"Sun, 2087-08-24",22:12,179.20
Mercury,Greatest Elongation,E,"Wed, 2087-09-10",16:00,26.95
Venus,Greatest Elongation,W,"Sat, 2087-10-04",23:50,46.20
Mercury,Greatest Elongation,W,"Wed, 2087-10-22",00:05,18.26
Saturn,Opposition,,"Sun, 2087-11-02",08:49,177.32
Mercury,Greatest Elongation,E,"Sun, 2088-01-04",03:15,19.43
Neptune,Opposition,,"Sun, 2088-02-08",09:07,179.78
Mercury,Greatest Elongation,W,"Fri, 2088-02-13",07:53,25.96
Jupiter,Opposition,,"Fri, 2088-04-02",18:45,178.41
Mercury,Greatest Elongation,E,"Sat, 2088-04-24",19:05,20.29
Mercury,Greatest Elongation,W,"Fri, 2088-06-11",21:02,23.64
Mercury,Greatest Elongation,E,"Mon, 2088-08-23",03:34,27.39
Uranus,Opposition,,"Sat, 2088-08-28",06:56,179.19
Mercury,Greatest Elongation,W,"Mon, 2088-10-04",16:03,17.92
Saturn,Opposition,,"Mon, 2088-11-15",06:50,177.57
Mercury,Greatest Elongation,E,"Fri, 2088-12-17",06:25,20.41
Venus,Greatest Elongation,E,"Wed, 2088-12-22",01:56,47.29
Mercury,Greatest Elongation,W,"Tue, 2089-01-25",16:27,24.60
Mars,Opposition,,"Mon, 2089-01-31",20:23,175.45
Neptune,Opposition,,"Wed, 2089-02-09",19:19,179.72
Mercury,Greatest Elongation,E,"Thu, 2089-04-07",11:54,19.25
Jupiter,Opposition,,"Tue, 2089-05-03",18:05,178.66
Venus,Greatest Elongation,W,"Thu, 2089-05-12",23:59,46.04
Mercury,Greatest Elongation,W,"Tue, 2089-05-24",11:29,25.30
Mercury,Greatest Elongation,E,"Fri, 2089-08-05",12:07,27.34
Uranus,Opposition,,"Thu, 2089-09-01",15:16,179.19
Mercury,Greatest Elongation,W,"Sun, 2089-09-18",07:42,17.88
Saturn,Opposition,,"Tue, 2089-11-29",08:04,177.97
Mercury,Greatest Elongation,E,"Wed, 2089-11-30",03:49,21.59
Mercury,Greatest Elongation,W,"Sun, 2090-01-08",01:49,23.12
Neptune,Opposition,,"Sun, 2090-02-12",05:26,179.65
Mercury,Greatest Elongation,E,"Tue, 2090-03-21",14:25,18.55
Mercury,Greatest Elongation,W,"Sat, 2090-05-06",04:45,26.68
Jupiter,Opposition,,"Mon, 2090-06-05",01:52,179.28
Mercury,Greatest Elongation,E,"Tue, 2090-07-18",15:13,26.73
Venus,Greatest Elongation,E,"Wed, 2090-07-26",20:48,45.64
Mercury,Greatest Elongation,W,"Fri, 2090-09-01",19:48,18.16
Uranus,Opposition,,"Tue, 2090-09-05",23:22,179.19
Mercury,Greatest Elongation,E,"Sun, 2090-11-12",20:17,22.89
Saturn,Opposition,,"Wed, 2090-12-13",11:21,178.50
Venus,Greatest Elongation,W,"Fri, 2090-12-15",11:06,46.88
Mercury,Greatest Elongation,W,"Thu, 2090-12-21",15:12,21.69
Neptune,Opposition,,"Wed, 2091-02-14",15:29,179.58
Mercury,Greatest Elongation,E,"Sun, 2091-03-04",23:24,18.19
Mars,Opposition,,"Tue, 2091-03-06",20:15,175.90
Mercury,Greatest Elongation,W,"Wed, 2091-04-18",03:51,27.56
Mercury,Greatest Elongation,E,"Sat, 2091-06-30",11:22,25.60
Jupiter,Opposition,,"Mon, 2091-07-09",09:04,179.83
Mercury,Greatest Elongation,W,"Thu, 2091-08-16",01:04,18.77
Uranus,Opposition,,"Mon, 2091-09-10",07:23,179.19
Mercury,Greatest Elongation,E,"Fri, 2091-10-26",09:33,24.22
Mercury,Greatest Elongation,W,"Tue, 2091-12-04",11:40,20.42
Saturn,Opposition,,"Thu, 2091-12-27",15:15,179.12
Mercury,Greatest Elongation,E,"Sat, 2092-02-16",11:31,18.14
Neptune,Opposition,,"Sun, 2092-02-17",01:33,179.51
Venus,Greatest Elongation,E,"Mon, 2092-03-03",13:35,46.44
Mercury,Greatest Elongation,W,"Sun, 2092-03-30",08:48,27.83
Mercury,Greatest Elongation,E,"Wed, 2092-06-11",01:52,24.12
Venus,Greatest Elongation,W,"Tue, 2092-07-22",22:51,45.73
Mercury,Greatest Elongation,W,"Mon, 2092-07-28",20:37,19.75
Jupiter,Opposition,,"Wed, 2092-08-13",17:26,178.94
Uranus,Opposition,,"Sat, 2092-09-13",14:59,179.19
Mercury,Greatest Elongation,E,"Tue, 2092-10-07",21:37,25.46
Mercury,Greatest Elongation,W,"Sun, 2092-11-16",16:00,19.38
Saturn,Opposition,,"Fri, 2093-01-09",18:16,179.79
Mercury,Greatest Elongation,E,"Thu, 2093-01-29",23:52,18.41
Neptune,Opposition,,"Wed, 2093-02-18",11:46,179.44
Mercury,Greatest Elongation,W,"Thu, 2093-03-12",17:40,27.49
Mars,Opposition,,"Sat, 2093-04-11",02:21,177.70
Mercury,Greatest Elongation,E,"Sat, 2093-05-23",16:40,22.51
Mercury,Greatest Elongation,W,"Sat, 2093-07-11",04:51,21.07
Uranus,Opposition,,"Thu, 2093-09-17",22:34,179.20
Jupiter,Opposition,,"Sun, 2093-09-20",09:38,178.41
Mercury,Greatest Elongation,E,"Sun, 2093-09-20",09:38,26.50
Venus,Greatest Elongation,E,"Wed, 2093-10-07",22:58,46.73
Mercury,Greatest Elongation,W,"Sat, 2093-10-31",02:53,18.59
Mercury,Greatest Elongation,E,"Wed, 2094-01-13",10:03,18.98
Saturn,Opposition,,"Sat, 2094-01-23",19:17,179.52
Neptune,Opposition,,"Sat, 2094-02-20",21:51,179.38
Mercury,Greatest Elongation,W,"Tue, 2094-02-23",03:37,26.63
Venus,Greatest Elongation,W,"Fri, 2094-02-26",09:24,46.79
Mercury,Greatest Elongation,E,"Wed, 2094-05-05",15:23,21.03
Mercury,Greatest Elongation,W,"Wed, 2094-06-23",02:42,22.66
Mercury,Greatest Elongation,E,"Thu, 2094-09-02",21:45,27.19
Uranus,Opposition,,"Wed, 2094-09-22",05:50,179.21
Mercury,Greatest Elongation,W,"Thu, 2094-10-14",17:46,18.08
Jupiter,Opposition,,"Wed, 2094-10-27",23:04,178.51
Mercury,Greatest Elongation,E,"Mon, 2094-12-27",16:12,19.82
Mercury,Greatest Elongation,W,"Sat, 2095-02-05",12:34,25.41
Saturn,Opposition,,"Sun, 2095-02-06",17:00,178.88
Neptune,Opposition,,"Wed, 2095-02-23",08:06,179.31
Mercury,Greatest Elongation,E,"Mon, 2095-04-18",01:45,19.81
Venus,Greatest Elongation,E,"Sat, 2095-05-14",09:08,45.50
Mars,Opposition,,"Thu, 2095-05-26",06:27,178.55
Mercury,Greatest Elongation,W,"Sat, 2095-06-04",17:54,24.36
Mercury,Greatest Elongation,E,"Tue, 2095-08-16",08:30,27.43
Uranus,Opposition,,"Mon, 2095-09-26",13:05,179.23
Mercury,Greatest Elongation,W,"Wed, 2095-09-28",10:02,17.86
Venus,Greatest Elongation,W,"Sun, 2095-10-02",14:43,46.18
Jupiter,Opposition,,"Fri, 2095-12-02",23:44,179.18
Mercury,Greatest Elongation,E,"Sat, 2095-12-10",17:04,20.89
Mercury,Greatest Elongation,W,"Wed, 2096-01-18",20:54,23.97
Saturn,Opposition,,"Mon, 2096-02-20",10:21,178.31
Neptune,Opposition,,"Sat, 2096-02-25",18:11,179.25
Mercury,Greatest Elongation,E,"Fri, 2096-03-30",23:09,18.92
Mercury,Greatest Elongation,W,"Wed, 2096-05-16",08:42,25.94
Mercury,Greatest Elongation,E,"Sat, 2096-07-28",15:16,27.15
Mercury,Greatest Elongation,W,"Tue, 2096-09-11",00:30,17.96
Uranus,Opposition,,"Sat, 2096-09-29",20:03,179.25
Mercury,Greatest Elongation,E,"Thu, 2096-11-22",12:16,22.13
Venus,Greatest Elongation,E,"Wed, 2096-12-19",16:06,47.30
Mercury,Greatest Elongation,W,"Mon, 2096-12-31",07:28,22.50
Jupiter,Opposition,,"Fri, 2097-01-04",20:53,179.89
Neptune,Opposition,,"Wed, 2097-02-27",04:34,179.19
Saturn,Opposition,,"Mon, 2097-03-04",22:53,177.85
Mercury,Greatest Elongation,E,"Thu, 2097-03-14",04:45,18.36
Mercury,Greatest Elongation,W,"Sun, 2097-04-28",04:19,27.13
Venus,Greatest Elongation,W,"Fri, 2097-05-10",13:00,46.06
Mercury,Greatest Elongation,E,"Wed, 2097-07-10",15:27,26.31
Mars,Opposition,,"Wed, 2097-07-31",03:39,173.38
Mercury,Greatest Elongation,W,"Sun, 2097-08-25",10:06,18.38
Uranus,Opposition,,"Fri, 2097-10-04",02:49,179.28
Mercury,Greatest Elongation,E,"Tue, 2097-11-05",03:04,23.46
Mercury,Greatest Elongation,W,"Fri, 2097-12-13",23:51,21.13
Jupiter,Opposition,,"Wed, 2098-02-05",19:51,179.06
Mercury,Greatest Elongation,E,"Tue, 2098-02-25",15:19,18.13
Neptune,Opposition,,"Sat, 2098-03-01",14:59,179.13
Saturn,Opposition,,"Tue, 2098-03-18",05:57,177.51
Mercury,Greatest Elongation,W,"Thu, 2098-04-10",06:16,27.75
Mercury,Greatest Elongation,E,"Sun, 2098-06-22",08:28,25.00
Venus,Greatest Elongation,E,"Thu, 2098-07-24",10:01,45.62
Mercury,Greatest Elongation,W,"Fri, 2098-08-08",11:38,19.15
Uranus,Opposition,,"Wed, 2098-10-08",09:36,179.30
Mercury,Greatest Elongation,E,"Sat, 2098-10-18",15:26,24.77
Mercury,Greatest Elongation,W,"Wed, 2098-11-26",23:46,19.95
Venus,Greatest Elongation,W,"Sat, 2098-12-13",01:35,46.86
Mercury,Greatest Elongation,E,"Mon, 2099-02-09",03:54,18.22
Neptune,Opposition,,"Wed, 2099-03-04",01:13,179.07
Jupiter,Opposition,,"Sun, 2099-03-08",14:17,178.54
Mercury,Greatest Elongation,W,"Mon, 2099-03-23",13:15,27.75
Saturn,Opposition,,"Tue, 2099-03-31",07:21,177.31
Mercury,Greatest Elongation,E,"Wed, 2099-06-03",22:13,23.43
Mercury,Greatest Elongation,W,"Wed, 2099-07-22",02:29,20.27
Mercury,Greatest Elongation,E,"Thu, 2099-10-01",03:30,25.94
Uranus,Opposition,,"Mon, 2099-10-12",16:30,179.34
Mars,Opposition,,"Sun, 2099-10-18",08:07,177.38
Mercury,Greatest Elongation,W,"Tue, 2099-11-10",06:58,19.01
Mercury,Greatest Elongation,E,"Sat, 2100-01-23",15:42,18.62
Venus,Greatest Elongation,E,"Tue, 2100-03-02",04:37,46.48
Mercury,Greatest Elongation,W,"Fri, 2100-03-05",22:39,27.18
Neptune,Opposition,,"Sat, 2100-03-06",11:44,179.01
Jupiter,Opposition,,"Thu, 2100-04-08",02:08,178.42
Saturn,Opposition,,"Tue, 2100-04-13",03:45,177.23
Mercury,Greatest Elongation,E,"Sun, 2100-05-16",15:45,21.86
Mercury,Greatest Elongation,W,"Sun, 2100-07-04",05:48,21.72
Venus,Greatest Elongation,W,"Wed, 2100-07-21",15:34,45.73
Mercury,Greatest Elongation,E,"Mon, 2100-09-13",15:54,26.84
Uranus,Opposition,,"Sat, 2100-10-16",23:16,179.37
Mercury,Greatest Elongation,W,"Sun, 2100-10-24",19:54,18.34
